Description,URL,Price
"FiiO M3 Pro Full Touchscreen Lossless DSD HiFi Portable Music Player MP3,Support USB DAC,HD recording,E-Book,Built-in calculator",https://www.aliexpress.com/item/4000972188106.html,79.99
"FiiO M15 Flagship Android Dual AK4499 Hi-Res Protable Musc Player MP3 USB DAC,Samsung Exynos7872,XMOS XUF208,DSD512 768kHz/32bit",https://www.aliexpress.com/item/4000995400006.html,"1,349.99"
FiiO M3Pro/M3 Pro Hi-Res MP3 Player ES9218 HiFi Lossless Music Player USB DAC Support Resume mode Gapless play,https://www.aliexpress.com/item/4000960723826.html,79.99
FiiO M11 Pro Android Hi-Res Music Player Bluetooth HiFi Lossless MP3 Player WiFi Aptx-HD Dual AK4497/THX AAA-78/LDAC/DSD/Tidal,https://www.aliexpress.com/item/4000465710581.html,645.05
FiiO M11 Pro Stainless Steel limited edition Hi-Res Player Dual AK4497/THX AAA-78/atpX HD/LDAC/Bluetooth/DSD/Tidal,https://www.aliexpress.com/item/4000622421489.html,783.99
FiiO M11 HIFI Audio Android-based Bluetooth Lossless Portable Music Player MP3 USB DAC WIFI/Air Play/Spotify aptx-HD/LDAC DSD,https://www.aliexpress.com/item/33001451741.html,427.49
FiiO M9 HIFI Balanced Output Portable High-Resolution Audio Android MP3 Player Bluetooth Lossless Music DAC WIFI DSD LDAC APTX,https://www.aliexpress.com/item/32966863423.html,247.99
FiiO M6 Hi-Res Bluetooth HiFi Music Portable MP3 Player USB DAC ES9018Q2C Based Android with aptX HD LDAC WiFi Air Play DSD,https://www.aliexpress.com/item/32961737369.html,149.90
FIIO M11 PRO Samsung Exynos 7872 Android 7.0 Bluetooth Protable Music Player MP3 AK4497EQ High-performance Audiophile DAC DSD256,https://www.aliexpress.com/item/4000478804030.html,658.63
FiiO M11 Pro Hi-Res Music Player AK4497EQ*2/THX AAA-78/Support MQA/atpX HD/LDAC/Bluetooth/DSD256/Tidal/Spotify,https://www.aliexpress.com/item/4000521166245.html,666.39
